name_norm,lists,sources,name_rows
ANSAR AL SHARIA,3,"EU, UN, OFAC",14
AL RASHEED TRUST,3,"OFAC, UN, EU",8
AL RASHID TRUST,3,"UN, OFAC, EU",8
AL AMEEN TRUST,3,"OFAC, UN, EU",6
AL MADINA TRUST,3,"EU, UN, OFAC",6
CHOE CHUN SIK,3,"EU, OFAC, UN",6
OFFICE 39,3,"EU, UN, OFAC",6
AMIN INDUSTRIAL COMPLEX,3,"EU, UN, OFAC",5
ANSAR AL ISLAM,3,"EU, OFAC, UN",5
ANSAR AL SUNNA,3,"EU, UN, OFAC",5
HARAKAT UL ANSAR,3,"UN, OFAC, EU",5
AHMED ABUBAKAR,3,"EU, OFAC, UN",4
AL SHABAAB,3,"EU, OFAC, UN",4
ANSAR ALLAH,3,"OFAC, UN, EU",4
ANSARUL MUSLIMINA FI BILADIS SUDAN,3,"EU, OFAC, UN",4
AWEYS HASSAN DAHIR,3,"OFAC, UN, EU",4
HARKAT UL JEHAD AL ISLAMI,3,"EU, UN, OFAC",4
HARKAT UL JIHAD AL ISLAMI,3,"EU, UN, OFAC",4
JAMIA IHYA UL TURATH,3,"OFAC, UN, EU",4
JAMIAT IHIA AL TURATH AL ISLAMIYA,3,"EU, OFAC, UN",4
