category,query_name,best_candidate,best_score,rank_in_category
near_miss,PIONEER JOINT STOCK COMPANY COMMERCIAL BANK VERKHNEVOLZHSKY,OPEN JOINT STOCK CO COMMERCIAL BANK VERKHNEVOLZHSKY,90.3,1
near_miss,PIONEER TIMES HOTEL MANAGEMENT CO LTD,PRINCE TIMES HOTEL MANAGEMENT CO LTD,89.7,2
near_miss,ROYAL PUBLIC JOINT STOCK COMMERCIAL ROADS BANK,RUSSIAN PUBLIC JOINT STOCK COMMERCIAL ROADS BANK,89.6,3
near_miss,UNITED PETERSBURG INTERNATIONAL BANKING CONFERENCE LLC,SAINT PETERSBURG INTL BANKING CONFERENCE LLC,89.5,4
near_miss,EASTERN LIMITED LIABILITY COMPANY,EASTERN TRADE LTD LIABILITY CO,89.2,5
true_negative,MARIA SANCHEZ,PARRA SANCHEZ MARIO,81.1,1
true_negative,SOLAI Ltd,SOLID LTD,79.8,2
true_negative,TAT TECHNOLOGIES LTD,NEWAY TECHNOLOGIES LTD,79.2,3
true_negative,REGIONS FINANCIAL CORP,RUSSIAN FINANCIAL CORP,79.0,4
true_negative,Marex Group Ltd,MACHINE GROUP LTD,78.4,5
true_negative,OGE ENERGY CORP.,NOVIN ENERGY CORP,78.4,5
