risk_tier,query_name,last_review,review_due,days_until_due,overdue_rank
High,AISHA ALEKSANDROVNA CHERKASOVA,2023-05-30,2024-05-30,-853,1
High,AL-TIKRITI KHAWLA BARZAN IBRAHIM HASAN,2023-05-30,2024-05-30,-853,1
High,ANASR AL-ISLAM,2023-05-30,2024-05-30,-853,1
High,Hanafi Saihb,2023-05-30,2024-05-30,-853,1
High,JVAD RAHIQI,2023-05-30,2024-05-30,-853,1
High,LLK T-KOMPONENT SP,2023-05-30,2024-05-30,-853,1
High,LTD LIABILITY CO VMK,2023-05-30,2024-05-30,-853,1
High,MUZAHIM A'B HASSAN AL-TIKRITI,2023-05-30,2024-05-30,-853,1
High,"PAPA PETORLEUM CO., LTD.",2023-05-30,2024-05-30,-853,1
High,RAHKAR SANAIE NOVIN,2023-05-30,2024-05-30,-853,1
High,TAMAS CO,2023-05-30,2024-05-30,-853,1
High,Volgaburmash oint Stock Company,2023-05-30,2024-05-30,-853,1
High,YO'N CH'NG NAM,2023-05-30,2024-05-30,-853,1
Medium,"AL-HADI, Ali Muhammad Mhsin Salih",2023-05-30,2025-05-30,-488,1
Medium,BestGofer Inc.,2023-05-30,2025-05-30,-488,1
Medium,EASTERN ST LTD,2023-05-30,2025-05-30,-488,1
Medium,IDEX CORP /DE/,2023-05-30,2025-05-30,-488,1
Medium,LOBO TECHNOLOGIES LTD.,2023-05-30,2025-05-30,-488,1
Medium,PACIFIC DE SEGURANÇA NACIONAL DO GOVERNO DA ERITREIA,2023-05-30,2025-05-30,-488,1
Medium,Sepasad Engineering Copany,2023-05-30,2025-05-30,-488,1
Medium,THOMAS IVAN NIKOLAEVICH,2023-05-30,2025-05-30,-488,1
Low,ANNA FLORES,2023-05-30,2026-05-30,-123,1
Low,DAVID SANCHEZ,2023-05-30,2026-05-30,-123,1
Low,Equinox Gold Corp.,2023-05-30,2026-05-30,-123,1
Low,JOHN LEWIS,2023-05-30,2026-05-30,-123,1
Low,LIMITED PIONEER COMPANY ITECO KRAN,2023-05-30,2026-05-30,-123,1
Low,Lottomatica Group S.p.A./ADR,2023-05-30,2026-05-30,-123,1
Low,"Luvu Brands, Inc.",2023-05-30,2026-05-30,-123,1
Low,Millennium Group International Holdings Ltd,2023-05-30,2026-05-30,-123,1
Low,OOO NORTHERN NORTH,2023-05-30,2026-05-30,-123,1
Low,PAUL JOHNSON,2023-05-30,2026-05-30,-123,1
