column,non_null_rows,fill_pct
LEI,3451551,100.0
Entity.LegalName,3451551,100.0
Entity.LegalAddress.FirstAddressLine,3451551,100.0
Entity.LegalAddress.City,3451551,100.0
Entity.LegalAddress.Region,2434867,70.54
Entity.LegalAddress.Country,3451551,100.0
Entity.LegalAddress.PostalCode,3406647,98.7
Entity.HeadquartersAddress.City,3451551,100.0
Entity.HeadquartersAddress.Country,3451551,100.0
Entity.RegistrationAuthority.RegistrationAuthorityID,3451551,100.0
Entity.RegistrationAuthority.RegistrationAuthorityEntityID,3158036,91.5
Entity.EntityCategory,3451551,100.0
Entity.EntitySubCategory,6206,0.18
Entity.LegalForm.EntityLegalFormCode,3451551,100.0
Entity.EntityStatus,3451551,100.0
Entity.AssociatedEntity.AssociatedLEI,0,0.0
Entity.SuccessorEntity.1.SuccessorLEI,34870,1.01
Registration.InitialRegistrationDate,3451551,100.0
Registration.LastUpdateDate,3451551,100.0
Registration.RegistrationStatus,3451551,100.0
Registration.NextRenewalDate,3451551,100.0
Registration.ManagingLOU,3451551,100.0
